Kacy,Trotman,563-508-5332,4 Annamark Alley,Universty District,WA,98105
Dionis,Dooney,326-361-4881,005 Maryland Terrace,Ballard,WA,98107
Agathe,Giacobillo,705-801-2134,889 Brickson Park Circle,Universty District,WA,98105
Mallorie,Bielfelt,349-869-6086,2519 Gina Center,Universty District,WA,98105
Camile,Davsley,680-654-7153,79935 Waxwing Road,Green Lake,WA,98115
Karla,Odby,706-824-4241,810 Beilfuss Point,Universty District,WA,98105
Ashlan,Scotcher,163-458-2978,4662 Heffernan Center,Green Lake,WA,98115
Shelia,Caile,524-661-5977,698 Oakridge Parkway,Freemont,WA,98103
Norina,Kirdsch,313-934-1408,581 Farmco Place,Green Lake,WA,98115
Joan,Sodory,669-234-3520,23 Nova Circle,Universty District,WA,98105
Willetta,Walch,327-341-3123,4554 Ramsey Junction,Seattle,WA,98002
Devan,Medd,353-331-7245,0441 Marcy Drive,Universty District,WA,98105
Pren,Cawdery,863-185-7784,1 Melvin Hill,Freemont,WA,98103
Alwin,Reames,922-613-5061,50 Northridge Junction,Freemont,WA,98103
Gale,Penkman,190-990-7919,4 Stephen Street,Green Lake,WA,98115
Dore,Slite,405-922-5353,3874 Dorton Pass,Freemont,WA,98103
Joanie,Evangelinos,347-852-7023,71 Jenna Hill,Seattle,WA,98002
Clarette,Grigor,375-909-9607,0824 Scott Way,Freemont,WA,98103
Cyndi,Pickvance,667-831-9946,86898 Quincy Plaza,Freemont,WA,98103
Daniel,Benitti,537-958-5094,33 Morning Lane,Ballard,WA,98107
Bessie,Cantua,691-803-8398,86 Erie Parkway,Universty District,WA,98105
Celestyna,Shafto,843-594-2979,40 Division Hill,Seattle,WA,98002
Sibeal,Fluck,657-332-0423,589 Fieldstone Circle,Seattle,WA,98002
Bobbee,Fairebrother,560-253-3099,4455 Stang Hill,Seattle,WA,98002
Junette,Dando,445-916-0997,5744 Golf Way,Universty District,WA,98105
Angeline,Zouch,801-727-0663,9 Veith Avenue,Freemont,WA,98103
Aloin,Steenson,226-600-8683,00228 Waubesa Terrace,Green Lake,WA,98115
Laverna,Feld,776-795-1875,0 Forest Hill,Seattle,WA,98002
Lance,McFie,615-176-0689,64537 Forest Dale Park,Seattle,WA,98002
Trey,Scamal,236-899-9543,57 Riverside Pass,Seattle,WA,98002
Danie,Pennoni,125-683-5940,52 Delaware Junction,Freemont,WA,98103
Clarie,Tollmache,717-663-7425,486 Meadow Ridge Crossing,Freemont,WA,98103
Geoffrey,Feehily,260-526-0278,66417 Gale Trail,Green Lake,WA,98115
Loralie,Hansel,263-984-4345,52 American Crossing,Seattle,WA,98002
Yule,Hallworth,492-453-5984,909 Namekagon Point,Seattle,WA,98002
Aryn,Flew,190-218-1493,837 Dorton Street,Freemont,WA,98103
Adelind,Cayet,872-881-8206,15042 Old Gate Way,Seattle,WA,98002
Arni,Faudrie,437-440-3001,737 Northland Parkway,Seattle,WA,98002
Arv,Sewter,511-358-3890,765 Bay Junction,Ballard,WA,98107
Sharai,Le Merchant,707-582-7042,1 Mifflin Road,Ballard,WA,98107
Itch,Janzen,820-767-1601,543 Hoard Point,Green Lake,WA,98115
Amalita,Ucchino,213-660-2476,06691 Graedel Junction,Universty District,WA,98105
Kaitlynn,Datte,783-528-4638,31575 Corry Pass,Universty District,WA,98105
Hildagarde,Bernardeschi,701-639-3101,851 Larry Street,Freemont,WA,98103
Bertie,Mackley,924-453-3868,50927 Pond Crossing,Seattle,WA,98002
Norene,Roussel,606-656-2211,6389 Doe Crossing Crossing,Ballard,WA,98107
Valeria,Cunney,369-724-1354,42742 Sheridan Street,Green Lake,WA,98115
Maddie,Pacheco,362-821-3190,7 Blaine Point,Universty District,WA,98105
Job,Inns,455-267-4135,0 Rowland Center,Freemont,WA,98103
Malynda,Lyosik,176-562-4047,0051 Rockefeller Trail,Seattle,WA,98002
Genny,Meneghelli,184-320-3146,0464 Quincy Junction,Green Lake,WA,98115
Gayler,Ommundsen,748-368-3060,48 Sheridan Avenue,Green Lake,WA,98115
Anselm,Grenshiels,439-433-4120,8866 Continental Junction,Ballard,WA,98107
Vivien,Robb,895-180-7134,5 Wayridge Street,Freemont,WA,98103
Ardelia,Wilstead,581-850-8996,35742 Jana Drive,Green Lake,WA,98115
Sophronia,Zukierman,386-970-3868,98 Duke Road,Universty District,WA,98105
Odie,Lindblom,536-894-2257,8177 Kennedy Crossing,Seattle,WA,98002
Imogen,Cabble,929-960-9041,112 Pepper Wood Park,Freemont,WA,98103
Vidovic,Mellhuish,664-850-9052,43 Vermont Pass,Ballard,WA,98107
Giraud,Castanares,185-903-4722,13471 Nelson Circle,Freemont,WA,98103
Gerardo,Desborough,528-466-0308,01 Butternut Avenue,Freemont,WA,98103
Maximilian,Wrassell,915-496-9504,784 Waywood Circle,Freemont,WA,98103
Winnah,Dickie,397-310-5561,379 Derek Place,Universty District,WA,98105
Celinka,Shivlin,188-988-1919,2 Independence Plaza,Seattle,WA,98002
Gery,Dog,342-505-1336,47488 Westend Drive,Ballard,WA,98107
Holly,Kubalek,167-696-4841,51 Green Ridge Place,Universty District,WA,98105
Nettie,Caulfield,160-779-9960,03 Paget Avenue,Green Lake,WA,98115
Brook,Pocke,386-794-7002,58 Lakeland Plaza,Green Lake,WA,98115
Jojo,Rolstone,955-823-9989,87 Beilfuss Drive,Green Lake,WA,98115
Sara-ann,Hanning,883-843-6469,968 Eastlawn Road,Ballard,WA,98107
Myrtle,Byron,971-178-1574,5 Knutson Parkway,Ballard,WA,98107
Athena,Vinck,805-567-8677,21 Bowman Parkway,Green Lake,WA,98115
Jacquetta,Blaase,922-136-1743,6358 Acker Center,Green Lake,WA,98115
Gwenni,Alliot,485-989-2683,2 Rigney Avenue,Universty District,WA,98105
Ginelle,Bentje,563-964-2459,2 Twin Pines Park,Ballard,WA,98107
Calida,Hofler,316-825-7487,152 Anzinger Drive,Ballard,WA,98107
Roy,Pippard,292-758-1469,2385 Lawn Street,Freemont,WA,98103
Lilyan,D'Antuoni,337-748-4490,88084 Manley Crossing,Ballard,WA,98107
Killy,Laddle,513-108-2292,5833 Stone Corner Pass,Ballard,WA,98107
Neel,Renshell,637-604-9122,16596 Nancy Hill,Ballard,WA,98107
Katharyn,Hawksby,451-323-9454,06722 Crownhardt Way,Ballard,WA,98107
Binky,Sheere,141-612-3358,03951 Mariners Cove Park,Green Lake,WA,98115
Gigi,Kaines,114-254-9654,44244 Milwaukee Lane,Freemont,WA,98103
Randa,Stodit,162-782-3826,60 Beilfuss Junction,Freemont,WA,98103
Roxi,Freckelton,767-740-2349,0 Golf View Avenue,Universty District,WA,98105
Julietta,Macguire,445-669-7582,1881 Merchant Court,Green Lake,WA,98115
Trudy,Overnell,236-978-3429,071 Pawling Alley,Freemont,WA,98103
Garald,Currin,931-240-8572,1056 Elka Avenue,Freemont,WA,98103
Rabi,Rigglesford,279-435-0263,66 Gerald Park,Seattle,WA,98002
Arlen,Satterley,871-734-4337,595 Carioca Drive,Ballard,WA,98107
Melisandra,Alexsandrev,334-543-4842,749 Dovetail Place,Freemont,WA,98103
Roseann,Boycott,921-863-6217,33698 Bunting Place,Seattle,WA,98002
Christin,Djurevic,879-968-1117,6249 Burning Wood Junction,Freemont,WA,98103
Clarette,Glassman,813-561-7708,2367 Northport Parkway,Universty District,WA,98105
Muhammad,Aaronsohn,852-602-9328,69587 Dawn Street,Seattle,WA,98002
Cindi,Dispencer,167-197-9000,217 Prentice Point,Freemont,WA,98103
Josiah,Latchford,717-660-9608,44564 Barnett Avenue,Freemont,WA,98103
Blisse,Pelman,204-192-4376,036 Mandrake Center,Seattle,WA,98002
Padget,Dentith,591-708-3359,231 Meadow Ridge Terrace,Universty District,WA,98105
Carolynn,Brodley,891-447-8311,21478 Valley Edge Crossing,Universty District,WA,98105
Paule,Brasse,313-237-0971,789 Grayhawk Alley,Universty District,WA,98105
Marian,Elleton,460-936-5379,691 Mandrake Trail,Green Lake,WA,98115
Imojean,Pasby,712-709-2018,4031 Stang Place,Seattle,WA,98002
Winifield,Aubry,328-791-7229,60 Independence Trail,Seattle,WA,98002
Dougy,Lukianov,827-520-6621,74847 Raven Way,Universty District,WA,98105
Leroy,Hayles,311-377-5693,83 Pawling Place,Green Lake,WA,98115
Roshelle,Chaster,684-471-1386,52 Anthes Plaza,Green Lake,WA,98115
Madlin,Birchenhead,588-360-9980,4338 Eggendart Circle,Seattle,WA,98002
Bayard,Bealing,848-285-3194,44 Swallow Park,Ballard,WA,98107
Laurence,Eddleston,216-414-1603,7241 Scoville Parkway,Universty District,WA,98105
Bax,McCafferky,848-909-1692,2491 Namekagon Center,Universty District,WA,98105
Granville,Moriarty,825-290-7306,29437 Golden Leaf Junction,Ballard,WA,98107
Rickie,Tompkins,658-563-1907,701 Hudson Junction,Universty District,WA,98105
Caty,Aubery,570-228-1434,3843 Amoth Lane,Universty District,WA,98105
Livvyy,Stittle,197-685-5810,0 Troy Drive,Green Lake,WA,98115
Lyndsey,Algore,730-377-8036,836 Lotheville Avenue,Universty District,WA,98105
Kristyn,Haggart,627-179-7032,70 Canary Trail,Universty District,WA,98105
Gan,Fawcitt,338-751-9653,099 Forest Park,Ballard,WA,98107
Celesta,Reckus,621-717-6871,950 Hauk Hill,Seattle,WA,98002
Alastair,Antley,942-126-1966,6350 Homewood Road,Ballard,WA,98107
Walliw,Adam,364-330-1956,68 John Wall Point,Freemont,WA,98103
Sayre,Pettican,680-494-7771,2666 Hermina Circle,Freemont,WA,98103
Goober,Dickenson,863-403-9487,709 Carioca Pass,Freemont,WA,98103
Marylee,Rielly,933-111-5801,4335 Londonderry Place,Ballard,WA,98107
Manolo,Gossage,229-159-4791,2 Independence Point,Universty District,WA,98105
Gui,Gerlack,519-570-2806,26025 Prairie Rose Way,Freemont,WA,98103
Erna,Seally,921-654-3649,935 Dawn Road,Universty District,WA,98105
Ola,Rivalant,681-297-0852,89 Golf View Place,Seattle,WA,98002
Audy,Stonbridge,980-659-9083,9325 Steensland Crossing,Ballard,WA,98107
Portia,Harsnep,140-185-4165,1777 Westport Court,Ballard,WA,98107
Herbie,Kliesl,371-973-8121,4 Washington Plaza,Freemont,WA,98103
Tait,Eagers,857-802-3217,800 Lakeland Lane,Ballard,WA,98107
Jayne,McMurthy,678-801-1953,4 Independence Plaza,Ballard,WA,98107
Shandy,Lewzey,658-313-6288,3174 Rigney Circle,Freemont,WA,98103
Kandace,Ebbage,612-815-7912,50717 Annamark Hill,Green Lake,WA,98115
Kaycee,Guerin,865-364-3233,3 Rowland Court,Freemont,WA,98103
Vernen,Malsher,423-537-0758,0 4th Court,Green Lake,WA,98115
Keene,Ainsbury,728-342-4550,727 Brentwood Center,Freemont,WA,98103
Phillipp,Broomer,632-522-5901,19 Victoria Park,Ballard,WA,98107
Ardyth,Curthoys,934-127-7436,7 Tennyson Avenue,Freemont,WA,98103
Correy,Traynor,427-134-5121,9067 Roth Court,Ballard,WA,98107
Caprice,Nevin,322-106-6781,2227 Dorton Crossing,Seattle,WA,98002
Rancell,McEvilly,148-849-6137,115 Melrose Plaza,Freemont,WA,98103
Gussie,Rozenzweig,843-830-7501,7 Karstens Point,Seattle,WA,98002
Shauna,Crebo,122-279-4413,64183 Iowa Drive,Freemont,WA,98103
Danila,Harnes,298-206-1319,93 Nobel Lane,Universty District,WA,98105
Spike,Morrant,315-955-5602,9 Nevada Road,Freemont,WA,98103
Lucille,Tirte,470-303-2932,9473 Jackson Hill,Seattle,WA,98002
Dar,Blaschek,669-642-2015,5237 Brickson Park Center,Seattle,WA,98002
Hubey,Baruch,740-630-1718,485 Drewry Junction,Green Lake,WA,98115
Dani,Scoble,385-427-3747,796 Emmet Plaza,Ballard,WA,98107
Lizette,Wenderott,977-387-0133,73 Maywood Alley,Universty District,WA,98105
Clerissa,Langshaw,907-177-2564,5999 Bunker Hill Lane,Freemont,WA,98103
Brita,Fermin,694-988-0083,17441 Namekagon Parkway,Ballard,WA,98107
Fitz,Kiefer,145-838-7399,868 Hintze Parkway,Ballard,WA,98107
Gale,Strank,319-201-2701,77 Portage Alley,Ballard,WA,98107
Weylin,Meneer,845-180-5456,0624 Dakota Court,Green Lake,WA,98115
Gretchen,Calderwood,177-239-8959,6626 Jenna Circle,Green Lake,WA,98115
Malva,Martinovsky,830-217-2288,0 Holmberg Hill,Green Lake,WA,98115
Othella,Trousdale,467-250-3648,6 Weeping Birch Plaza,Seattle,WA,98002
Pascale,Rosindill,170-531-6994,4 Bartelt Hill,Universty District,WA,98105
Joyous,Lamplough,678-999-7124,9 Valley Edge Lane,Seattle,WA,98002
April,O' Reagan,530-947-1833,12 Rutledge Plaza,Universty District,WA,98105
Kerrie,Morriarty,367-610-5798,82 Eagan Drive,Seattle,WA,98002
Carmelina,Chislett,709-119-5005,9150 Manufacturers Center,Seattle,WA,98002
Harmon,Amorine,516-725-3578,60072 Kropf Way,Universty District,WA,98105
Julietta,Wakely,838-576-4039,4 Dapin Court,Seattle,WA,98002
Tatum,Darkins,878-513-3510,472 Schmedeman Pass,Universty District,WA,98105
Fee,Dix,375-733-2337,678 Barby Parkway,Ballard,WA,98107
Gaelan,Spivie,239-694-9310,14 Ridge Oak Center,Green Lake,WA,98115
Sven,Gwyneth,251-549-3702,8 Farwell Hill,Green Lake,WA,98115
Lucie,Hugle,879-670-4974,9 Morrow Junction,Universty District,WA,98105
Marlow,Dyne,103-631-1205,7965 Stoughton Trail,Green Lake,WA,98115
Leese,Sposito,206-456-9878,6053 Delaware Hill,Freemont,WA,98103
Sorcha,Danilewicz,180-492-6451,00864 Hayes Parkway,Ballard,WA,98107
Cordula,Hebdon,233-117-5609,65 Holy Cross Center,Ballard,WA,98107
Rockey,Gallon,387-903-8875,72926 Ridgeview Plaza,Universty District,WA,98105
Reyna,Labin,432-711-8054,8 Heath Pass,Seattle,WA,98002
Jane,Hubbis,325-990-3624,2 Eagle Crest Crossing,Seattle,WA,98002
Sharia,Dulieu,375-544-8482,436 Tennessee Crossing,Seattle,WA,98002
Tandi,Dobbison,539-324-0774,18226 Troy Pass,Ballard,WA,98107
Bertie,Devil,217-663-1441,38905 Union Way,Freemont,WA,98103
Maurene,MacLennan,212-594-7196,3 Pine View Plaza,Seattle,WA,98002
Elbertina,Catterall,713-803-9655,8488 Doe Crossing Place,Freemont,WA,98103
Haleigh,Bierton,445-716-0977,23 Kropf Pass,Universty District,WA,98105
Amabel,Mence,489-677-9496,9 Farmco Center,Universty District,WA,98105
Edward,Bampton,838-903-3153,31 Armistice Drive,Universty District,WA,98105
Amelina,Dowzell,330-412-6858,48 Washington Circle,Universty District,WA,98105
Babbette,Agneau,409-180-9472,6 Dovetail Road,Green Lake,WA,98115
Cletus,Helder,253-517-3145,479 Charing Cross Place,Seattle,WA,98002
Hodge,Cousins,628-941-7448,23232 Emmet Park,Universty District,WA,98105
Benn,Longmaid,652-150-2291,07 Armistice Alley,Seattle,WA,98002
Gerry,Minget,700-745-1969,921 Gina Crossing,Universty District,WA,98105
Liam,Langfitt,210-112-0209,27155 Moose Pass,Universty District,WA,98105
Shannon,Weymouth,837-249-6162,4409 Hoffman Alley,Universty District,WA,98105
Chev,Licence,709-229-7741,4 Southridge Plaza,Freemont,WA,98103
Maximilian,Lipyeat,471-186-3995,0422 Monica Alley,Green Lake,WA,98115
Jaquelyn,Risborough,158-649-2903,77808 Boyd Street,Freemont,WA,98103
Francene,Twinberrow,502-723-1296,65 Randy Road,Seattle,WA,98002
Kattie,Casseldine,694-175-2427,23 Southridge Junction,Seattle,WA,98002
Darlene,GiacobbiniJacob,441-841-6720,52 Annamark Place,Green Lake,WA,98115
Milton,Ratter,133-655-5041,981 Emmet Way,Freemont,WA,98103
Munmro,McCallum,884-604-1287,5 Lillian Lane,Seattle,WA,98002
Cary,Scantleberry,325-237-1017,7 Cody Center,Seattle,WA,98002
Bucky,Brayfield,174-233-4776,48859 Sachtjen Hill,Ballard,WA,98107
Nikolos,Crosser,838-879-1371,97 Jay Plaza,Freemont,WA,98103
Teador,Maggi,515-296-3192,4 Village Green Road,Green Lake,WA,98115
Benedict,Fidian,732-741-5337,1717 Marcy Pass,Green Lake,WA,98115
Teddy,Greest,359-800-8126,27 Eagle Crest Avenue,Ballard,WA,98107
Revkah,Erangey,764-875-1391,6636 Hauk Terrace,Green Lake,WA,98115
Thelma,Wescott,878-592-6985,9876 Hermina Pass,Universty District,WA,98105
Lulu,Jent,848-914-2875,75 Canary Way,Seattle,WA,98002
Jamal,Barnardo,196-974-9726,0 High Crossing Crossing,Green Lake,WA,98115
Silvie,Ranking,356-823-6612,22 Charing Cross Alley,Ballard,WA,98107
Alayne,Stanyforth,857-646-9388,2122 Holmberg Point,Universty District,WA,98105
Merrily,Elintune,152-152-4055,0 Corry Pass,Universty District,WA,98105
Meta,Moyser,689-617-0795,4749 Barby Park,Freemont,WA,98103
Mateo,Bartosiak,567-173-1412,448 Holy Cross Street,Ballard,WA,98107
Hewie,Branchflower,788-475-5258,214 Forest Run Point,Universty District,WA,98105
Winston,Ajean,283-407-9288,0 Warner Terrace,Green Lake,WA,98115
Mac,Faithorn,748-762-5878,77929 Autumn Leaf Point,Freemont,WA,98103
Brod,Barhims,893-211-4918,52 Carioca Court,Ballard,WA,98107
Susanne,Doggrell,185-185-4046,1 La Follette Way,Green Lake,WA,98115
Wyatan,Greenland,330-915-0707,16 Cherokee Hill,Seattle,WA,98002
Mattie,Itzkowicz,264-853-1114,6 Surrey Court,Seattle,WA,98002
Cornelius,Paddon,758-301-9714,054 Stang Trail,Seattle,WA,98002
Shelbi,Castiello,585-358-9825,05 Bartelt Drive,Green Lake,WA,98115
Dunstan,Keir,819-422-3184,179 Little Fleur Terrace,Universty District,WA,98105
Tomasina,Bisco,228-227-2011,5274 Arizona Road,Green Lake,WA,98115
Tabby,Leglise,219-487-4300,61855 Golf Course Plaza,Universty District,WA,98105
Keelby,Brixey,991-135-6483,29492 Warbler Lane,Freemont,WA,98103
Jaclyn,Martell,645-911-9900,1327 Banding Junction,Green Lake,WA,98115
Cassey,Rosoman,820-222-4265,3065 Cherokee Trail,Freemont,WA,98103
Derrik,Gamage,291-881-2636,7452 Blaine Junction,Seattle,WA,98002
Nara,Iorillo,510-341-0226,6 Marcy Road,Seattle,WA,98002
Marji,Trowbridge,661-577-9893,55973 Kipling Way,Ballard,WA,98107
Bar,Hanbury,932-458-1517,68 Clemons Center,Green Lake,WA,98115
Frannie,Mosten,370-893-6540,70327 Reindahl Alley,Freemont,WA,98103
Dinah,Muddicliffe,499-707-2401,3 Packers Center,Ballard,WA,98107
Aline,Jimson,653-873-2011,89932 Stoughton Hill,Seattle,WA,98002
Pauly,Limerick,592-172-6543,8415 Jay Road,Universty District,WA,98105
Julia,Ackrill,283-816-3410,2 Oak Avenue,Green Lake,WA,98115
Phedra,Lunam,655-859-2214,22 High Crossing Crossing,Universty District,WA,98105
Leonie,Presley,292-832-2698,1877 Autumn Leaf Crossing,Freemont,WA,98103
Dion,Vaughton,588-680-3742,566 8th Crossing,Ballard,WA,98107
Else,Peery,169-215-7527,82 Continental Alley,Universty District,WA,98105
Elsie,Jopling,245-482-9798,657 Warrior Crossing,Freemont,WA,98103
Naoma,Perrigo,405-238-1181,41 Rusk Trail,Ballard,WA,98107
Winthrop,Sorrie,280-484-4411,8 Blue Bill Park Point,Freemont,WA,98103
Mandie,Sherrocks,319-330-2557,496 Fremont Junction,Freemont,WA,98103
Astra,Adcock,622-671-6961,5 John Wall Circle,Universty District,WA,98105
Barty,Yegoshin,109-365-2568,17 Sachs Road,Green Lake,WA,98115
Beitris,McMakin,555-366-0886,325 Drewry Drive,Green Lake,WA,98115
Bartram,Van Arsdale,347-320-9122,5069 Maple Court,Freemont,WA,98103
Alejandra,FitzGilbert,661-303-5787,29 Ludington Avenue,Seattle,WA,98002
Diane-marie,Batrick,633-992-1504,1995 East Park,Freemont,WA,98103
Lira,Stubbs,630-833-4584,310 Grover Trail,Seattle,WA,98002
Randolf,Swanwick,446-631-5758,00859 Westridge Point,Universty District,WA,98105
Benoite,Juniper,919-988-2821,99 Truax Junction,Universty District,WA,98105
Charlotta,Haggar,636-255-3697,568 6th Park,Green Lake,WA,98115
Rosalia,Kas,274-136-7204,07 Oxford Park,Universty District,WA,98105
Cullan,Matyushenko,422-842-9505,3 Reindahl Junction,Freemont,WA,98103
Justino,Ipwell,717-379-0428,84 Haas Hill,Seattle,WA,98002
Vita,Asty,626-252-0022,066 Hanover Lane,Ballard,WA,98107
Linnet,Alden,775-584-8162,02 Ryan Crossing,Seattle,WA,98002
Germaine,Geldard,686-602-5794,5329 4th Court,Universty District,WA,98105
Guntar,O'Lennane,414-582-9986,6 Bobwhite Junction,Freemont,WA,98103
Geraldine,Moorhouse,549-492-2405,0034 Harper Point,Ballard,WA,98107
Emlyn,Goodale,717-264-2284,0504 Moose Center,Ballard,WA,98107
Cathrin,Dartan,686-809-7258,94 Judy Terrace,Universty District,WA,98105
Liana,Grinnell,513-727-8324,24021 Caliangt Road,Universty District,WA,98105
Sunny,Burbridge,376-542-9401,62 Hazelcrest Way,Universty District,WA,98105
Marlene,Le Ball,572-262-7734,05450 Blue Bill Park Center,Freemont,WA,98103
Rawley,Marquiss,208-588-3408,161 Roth Avenue,Freemont,WA,98103
Cathy,Dyer,258-476-8578,02 Kropf Plaza,Green Lake,WA,98115
Alfonso,Moors,224-211-3351,1 Valley Edge Place,Green Lake,WA,98115
Ardella,Petr,969-368-5889,71918 Sutteridge Center,Freemont,WA,98103
Efren,Constance,251-598-3220,971 Straubel Parkway,Green Lake,WA,98115
Avis,Wilson,673-119-6120,262 Summerview Crossing,Ballard,WA,98107
Chrissy,Saul,873-489-5784,9206 Shopko Crossing,Freemont,WA,98103
Nelia,Hamnett,568-776-9379,1 Grover Street,Green Lake,WA,98115
Linn,Thorns,961-209-0074,12 Elka Street,Freemont,WA,98103
Elvira,Marde,945-620-8881,5 Service Alley,Freemont,WA,98103
Torrence,Mullarkey,365-743-4503,51 Upham Parkway,Universty District,WA,98105
Abbye,Brilleman,785-288-3014,04 Northwestern Point,Seattle,WA,98002
Dwight,Sutcliffe,127-439-3918,04 Anthes Lane,Seattle,WA,98002
Yard,Dreamer,713-824-8112,681 Eagle Crest Drive,Freemont,WA,98103
Frederico,Mossop,130-720-8288,5 Utah Center,Universty District,WA,98105
Chane,Bottinelli,548-173-6057,67 Schiller Lane,Freemont,WA,98103
Elysha,Carcas,159-146-2116,19413 Roxbury Road,Universty District,WA,98105
Cherie,Massy,628-413-3005,269 Menomonie Hill,Ballard,WA,98107
Seline,Latty,194-291-4419,04 Kedzie Crossing,Green Lake,WA,98115
Carmel,Guidi,111-318-7502,87 Golf Course Alley,Universty District,WA,98105
Alfonse,Balasin,673-873-0603,620 Jay Street,Universty District,WA,98105
Chet,Hayles,587-940-8242,5654 Pankratz Park,Universty District,WA,98105
Eolande,Teodori,700-702-6179,5 Delladonna Plaza,Universty District,WA,98105
Chrystel,Halsted,670-999-4183,92 Mendota Street,Universty District,WA,98105
Walton,Vizor,811-242-2948,3717 Lunder Terrace,Seattle,WA,98002
Rolph,Blackly,213-767-8515,24 Havey Lane,Freemont,WA,98103
Breena,Gilhooly,650-553-8083,007 Mccormick Crossing,Seattle,WA,98002
Jolyn,Darlison,850-825-8725,80 Main Alley,Ballard,WA,98107
Mitchell,Ellicott,609-613-6910,78553 Emmet Hill,Ballard,WA,98107
Marje,Bellingham,449-600-6862,169 Iowa Drive,Seattle,WA,98002
Mala,Inglefield,927-599-3220,934 Vera Trail,Seattle,WA,98002
Alejoa,Betteriss,230-586-8703,484 Loftsgordon Trail,Universty District,WA,98105
Basia,Ganny,450-187-4872,41 Crownhardt Parkway,Freemont,WA,98103
Koressa,Danahar,326-386-7619,2 Schmedeman Place,Seattle,WA,98002
Marylinda,Parysiak,931-777-9485,51770 Golf Course Junction,Universty District,WA,98105
Dayna,Berling,114-489-1532,90347 Acker Hill,Universty District,WA,98105
Edouard,Galiford,616-783-0176,0153 Texas Center,Green Lake,WA,98115
Sharity,Ingreda,356-769-9185,57005 Main Hill,Green Lake,WA,98115
Gaylene,Penson,137-663-6778,3228 Old Shore Place,Universty District,WA,98105
Madelaine,Bohills,112-661-2277,08 Lunder Drive,Universty District,WA,98105
Skelly,Benettini,767-796-2567,18 Summit Way,Green Lake,WA,98115
Robb,Cool,443-108-6059,354 Dakota Parkway,Freemont,WA,98103
Kimmi,Collacombe,224-888-4038,94 Coleman Crossing,Ballard,WA,98107
Neron,Mansell,353-731-0008,2970 Mandrake Terrace,Ballard,WA,98107
Nikoletta,Oguz,628-452-9927,381 Harbort Parkway,Green Lake,WA,98115
Jorge,Ragate,155-603-3639,998 Lyons Center,Freemont,WA,98103
Deb,Talboy,847-295-3948,9536 Fisk Trail,Ballard,WA,98107
Arlette,Hairsnape,514-878-6768,550 Merrick Parkway,Freemont,WA,98103
Shelden,Waldrum,174-875-8751,0 Mockingbird Court,Seattle,WA,98002
Lemar,Coogan,375-826-5313,0657 La Follette Park,Universty District,WA,98105
Ragnar,Clemente,274-131-2495,409 Thackeray Crossing,Seattle,WA,98002
Marysa,Pabelik,330-286-1289,77 Kensington Way,Freemont,WA,98103
Lorrin,Rorke,407-183-6298,13971 Hudson Pass,Freemont,WA,98103
Randa,Greenier,806-335-2441,0 Moulton Point,Universty District,WA,98105
Allx,Sunners,248-351-3799,1048 Washington Street,Ballard,WA,98107
Carmine,Tilston,265-506-5402,510 Erie Junction,Universty District,WA,98105
Jean,St. Clair,309-466-9302,24 Glacier Hill Street,Ballard,WA,98107
Ibby,Randell,378-656-5036,6909 Sutteridge Center,Freemont,WA,98103
Barnie,Mattholie,679-560-2693,95144 Laurel Trail,Freemont,WA,98103
Alissa,Yarranton,329-136-0132,2362 Del Mar Pass,Ballard,WA,98107
Odilia,De Gregoli,762-339-5042,92909 Evergreen Park,Green Lake,WA,98115
Lisha,Crookall,286-362-0435,24881 Moland Parkway,Freemont,WA,98103
Jen,Halhead,907-641-6243,0 Raven Street,Ballard,WA,98107
Morgun,Phipson,957-713-1446,70855 Mariners Cove Center,Seattle,WA,98002
Lindy,Schwanden,334-678-8805,695 Washington Crossing,Seattle,WA,98002
Mara,Hasson,984-173-8614,5 Graceland Pass,Green Lake,WA,98115
Isobel,Bartolomeu,249-915-0899,94751 Union Place,Freemont,WA,98103
Aveline,Mahmood,313-341-8090,68901 Declaration Hill,Ballard,WA,98107
Zandra,Mewrcik,101-534-5178,233 Melrose Drive,Ballard,WA,98107
Kira,Reckless,816-719-1898,92486 Rockefeller Park,Universty District,WA,98105
Celine,Iacivelli,828-356-2346,78268 Knutson Crossing,Green Lake,WA,98115
Rory,Masey,858-298-8992,2 Lukken Parkway,Universty District,WA,98105
Newton,Bone,522-512-6974,5 Scott Place,Freemont,WA,98103
Evanne,Shrubsall,688-936-1153,33230 Transport Parkway,Seattle,WA,98002
Daffy,Lewtey,524-192-7749,9962 Drewry Street,Green Lake,WA,98115
Ania,Dureden,135-637-1371,445 Clemons Center,Green Lake,WA,98115
Wakefield,Lackeye,473-129-7985,89435 Jana Parkway,Freemont,WA,98103
Vivianne,Woolner,728-185-3067,148 Warrior Alley,Green Lake,WA,98115
Joela,Colter,146-955-7758,29862 Talisman Plaza,Seattle,WA,98002
Terri,Siddons,538-462-3754,245 Meadow Vale Junction,Ballard,WA,98107
Mallorie,Franz,508-889-4297,45377 Harbort Road,Green Lake,WA,98115
Cory,Grishkov,554-540-5098,160 Maryland Plaza,Universty District,WA,98105
Bucky,Karle,462-258-9873,75 Brown Alley,Universty District,WA,98105
Carson,Simmonite,919-379-4538,29 Harper Avenue,Green Lake,WA,98115
Blinnie,Pinnington,831-254-4969,122 Muir Trail,Seattle,WA,98002
Rita,Asch,139-868-3918,56 Sauthoff Junction,Seattle,WA,98002
Melessa,Makeswell,873-538-9839,4075 Lakeland Parkway,Green Lake,WA,98115
Dalston,Brobyn,886-341-0491,95 Nelson Lane,Ballard,WA,98107
Junie,Sturgeon,582-218-2366,27 Crescent Oaks Avenue,Universty District,WA,98105
Tally,Beaudry,997-361-4542,9 Golf View Parkway,Freemont,WA,98103
Currie,Wolverson,859-395-8453,4522 American Ash Court,Universty District,WA,98105
Hodge,Granger,658-802-1837,128 Bay Place,Ballard,WA,98107
Carolina,Degan,278-182-0297,38441 Golf Road,Freemont,WA,98103
Joell,Kondratovich,256-207-2965,3 Bobwhite Park,Ballard,WA,98107
Beitris,Fitzpayn,101-718-4439,26 Novick Trail,Universty District,WA,98105
Kip,Weatherby,849-828-8274,6943 Riverside Road,Green Lake,WA,98115
Christopher,Maraga,580-458-7626,2769 Monument Road,Universty District,WA,98105
Kynthia,Mailes,670-772-2679,92 Brentwood Parkway,Ballard,WA,98107
Gregoire,Cridland,282-709-0725,10 Pine View Road,Seattle,WA,98002
Gilbert,Pelzer,930-877-4186,219 Sutherland Drive,Ballard,WA,98107
Hagen,Tebbe,491-882-1999,078 Walton Street,Ballard,WA,98107
Martynne,Lucock,972-988-3915,55347 Sage Circle,Seattle,WA,98002
Gusella,Stoyell,491-205-8199,16162 Eggendart Crossing,Green Lake,WA,98115
Malva,Galler,480-655-2491,367 Center Trail,Universty District,WA,98105
Nollie,Franzettoini,758-211-4516,01 Jackson Hill,Seattle,WA,98002
Hasty,Royall,355-607-8357,716 Warrior Street,Seattle,WA,98002
Charmine,Moncreiffe,724-839-6127,01951 Trailsway Trail,Freemont,WA,98103
Hinda,Dumphry,417-969-0589,3392 Old Shore Place,Freemont,WA,98103
Trumaine,McKillop,565-147-0152,694 Springview Road,Seattle,WA,98002
Florri,Cleworth,900-927-1452,4 West Lane,Freemont,WA,98103
Ingrid,Chate,644-103-1253,20 La Follette Plaza,Ballard,WA,98107
Phylys,Celez,871-315-6978,6 Messerschmidt Parkway,Freemont,WA,98103
Deny,Bownas,233-616-3427,3359 Red Cloud Terrace,Ballard,WA,98107
Marcellina,MacLachlan,655-850-1235,43604 Delladonna Road,Freemont,WA,98103
Elvyn,Fearnside,405-700-4819,85159 Debra Crossing,Green Lake,WA,98115
Lalo,Cockshtt,345-513-0670,20 Jenna Circle,Universty District,WA,98105
Kit,Darlow,248-265-6960,81 Mesta Road,Freemont,WA,98103
Janith,Gimblett,670-370-7600,64994 Roth Hill,Freemont,WA,98103
Catlin,Maguire,235-993-3595,241 Elka Center,Green Lake,WA,98115
Dolli,Leith-Harvey,804-821-2624,778 Veith Terrace,Universty District,WA,98105
Pavel,Dumberell,175-597-8967,88340 Di Loreto Trail,Universty District,WA,98105
Estelle,Mattiazzo,703-808-9087,95 Lakewood Terrace,Universty District,WA,98105
Del,Strippel,219-251-2254,358 Toban Terrace,Universty District,WA,98105
Philly,Ackland,196-147-4742,103 Manufacturers Street,Freemont,WA,98103
Wilmette,Cogdell,948-198-2122,164 Dryden Hill,Universty District,WA,98105
Jacinta,Liffey,416-132-5377,8 Sullivan Road,Ballard,WA,98107
Jacquenette,Goligher,129-119-6795,092 Melby Place,Seattle,WA,98002
Lombard,Timlin,641-267-0949,206 Dryden Terrace,Ballard,WA,98107
Vivienne,Domniney,991-977-9433,583 Tennessee Court,Seattle,WA,98002
Terese,Gilham,330-460-5294,29 Northport Lane,Seattle,WA,98002
Ag,Didball,162-678-8615,5215 Michigan Alley,Universty District,WA,98105
Kora,McCorrie,730-117-9624,29259 Meadow Ridge Circle,Freemont,WA,98103
Marje,MacGillespie,665-216-9811,816 Warrior Road,Ballard,WA,98107
Verina,Benettelli,381-354-0491,35411 Mccormick Trail,Green Lake,WA,98115
Wadsworth,Vane,921-757-6918,37629 Jay Park,Seattle,WA,98002
Lammond,O'Gready,554-418-4291,44 Drewry Place,Universty District,WA,98105
Perrine,Sharer,105-124-3313,06 Hoffman Way,Green Lake,WA,98115
Danette,Buggs,308-248-4764,5022 Prentice Park,Green Lake,WA,98115
Lilli,Robeson,715-248-7391,91 Melrose Circle,Green Lake,WA,98115
Tess,Fasey,931-965-1988,24731 Erie Alley,Universty District,WA,98105
Lyndsie,Gerriessen,653-536-1796,8 Manufacturers Street,Green Lake,WA,98115
Tymothy,Gabotti,206-289-3347,3 Main Road,Universty District,WA,98105
Richie,Blackett,192-189-3142,2991 Express Point,Ballard,WA,98107
Jacqueline,MacShirrie,125-443-7134,815 Anniversary Road,Universty District,WA,98105
Kelsy,Wapplington,507-524-3736,4064 Texas Point,Ballard,WA,98107
Tiebout,Slany,886-155-8425,0503 West Terrace,Ballard,WA,98107
Ken,Montel,736-737-8286,361 Kipling Crossing,Green Lake,WA,98115
Moira,Glass,587-785-5777,446 Riverside Terrace,Seattle,WA,98002
Dione,Campione,230-797-2118,70098 Menomonie Road,Seattle,WA,98002
Rosaline,Kinvan,662-197-9638,874 Packers Point,Green Lake,WA,98115
Arny,Van der Linde,614-697-3995,626 Milwaukee Alley,Universty District,WA,98105
Reamonn,Rimmington,782-248-0438,6864 Burning Wood Street,Ballard,WA,98107
Leta,Chellingworth,198-579-8006,5 Alpine Avenue,Freemont,WA,98103
Jory,Persey,287-578-1878,68 Garrison Hill,Seattle,WA,98002
Liam,Peasgood,517-546-0029,8425 Manitowish Drive,Universty District,WA,98105
Alverta,Hendriks,290-681-0288,44808 Old Gate Place,Seattle,WA,98002
Caty,Standley,585-224-8729,32876 Northland Circle,Freemont,WA,98103
Veronica,Bradnock,401-844-6549,2 Merry Court,Seattle,WA,98002
Boyd,Cornilli,347-813-5273,68517 Basil Center,Universty District,WA,98105
Farris,Boyn,314-898-1857,11 Bay Lane,Green Lake,WA,98115
Benedetta,Droogan,863-996-3380,0579 Gina Street,Seattle,WA,98002
Randolf,Berzons,165-886-1288,50 Kropf Drive,Seattle,WA,98002
Giulio,Clotworthy,262-297-9811,7875 3rd Trail,Green Lake,WA,98115
Noell,Croall,439-619-3437,04 Kim Court,Universty District,WA,98105
Jillene,Sinton,664-225-7586,07 Oriole Pass,Seattle,WA,98002
Corinna,Ackland,955-163-4405,372 Porter Court,Universty District,WA,98105
Evelina,Tithacott,557-465-8334,2860 Spenser Pass,Green Lake,WA,98115
Roxie,Van den Dael,282-725-3393,62 Forest Dale Street,Universty District,WA,98105
Travis,Barthram,213-869-1916,541 Summerview Crossing,Freemont,WA,98103
Creighton,Pitway,988-483-1428,87 Sloan Plaza,Ballard,WA,98107
Terri,Aujean,425-712-2564,2155 Continental Road,Green Lake,WA,98115
Ellsworth,Corlett,339-326-9442,1253 Saint Paul Alley,Seattle,WA,98002
Darnell,Kevane,508-209-4523,683 Melrose Crossing,Ballard,WA,98107
Ivor,Deyes,537-785-6429,91 Miller Road,Freemont,WA,98103
Jenica,Weatherhogg,334-921-3032,0 Independence Point,Freemont,WA,98103
Tatum,Dri,430-664-1680,26 Artisan Place,Ballard,WA,98107
Arther,O'Growgane,283-728-9368,2314 American Ash Point,Green Lake,WA,98115
Bruis,Oger,525-312-2653,305 Claremont Center,Green Lake,WA,98115
Madelaine,Semon,379-909-6506,45 Drewry Drive,Freemont,WA,98103
Bartholomew,Curton,675-834-1887,9718 Scott Junction,Ballard,WA,98107
Vikky,Sauven,915-683-9481,25794 Kim Circle,Seattle,WA,98002
Byron,Prangley,104-762-9920,54812 Aberg Lane,Ballard,WA,98107
Jackelyn,Fowles,931-917-1988,0 Glendale Parkway,Seattle,WA,98002
Freda,Rubinovitsch,690-717-9954,354 Melby Court,Seattle,WA,98002
Grete,Ferson,277-820-4358,59 Myrtle Trail,Green Lake,WA,98115
Jsandye,Lile,585-244-9935,054 Waubesa Crossing,Green Lake,WA,98115
Jard,Thunderman,490-839-6424,063 Manitowish Parkway,Seattle,WA,98002
Appolonia,Lineen,277-902-7683,5194 Larry Circle,Freemont,WA,98103
Emiline,Bariball,470-567-8217,7 Farwell Avenue,Seattle,WA,98002
Trev,Urien,635-405-8830,3 Esker Alley,Seattle,WA,98002
Ugo,Robichon,177-462-6909,2702 Cottonwood Road,Ballard,WA,98107
Alair,Wodham,412-236-2677,54 Park Meadow Pass,Green Lake,WA,98115
Devin,Rundall,285-597-1334,91 Anhalt Road,Green Lake,WA,98115
Delmer,Pettican,576-950-6904,0 Fieldstone Park,Seattle,WA,98002
Basil,Benedek,803-260-0196,57 Esker Court,Green Lake,WA,98115
Corena,Kitchenham,448-793-5994,0219 Rieder Parkway,Freemont,WA,98103
Kyrstin,Marques,697-698-1627,0233 Mcguire Junction,Seattle,WA,98002
Porty,Conkay,911-319-4444,6503 Coleman Place,Ballard,WA,98107
Monika,Schimon,962-988-6763,8 Armistice Place,Green Lake,WA,98115
Nevile,Rewcastle,456-985-7009,37 Parkside Circle,Green Lake,WA,98115
Flem,Toyne,265-945-8444,6865 Valley Edge Avenue,Seattle,WA,98002
Kelsey,Goricke,992-860-3832,7202 Linden Crossing,Seattle,WA,98002
Neil,Pedycan,827-840-4288,2 Loomis Junction,Universty District,WA,98105
Drona,Duffitt,355-843-6351,4 Armistice Way,Green Lake,WA,98115
Buddy,Tofful,404-540-4854,070 International Avenue,Green Lake,WA,98115
Corissa,Saterthwait,908-599-7964,1538 Eliot Point,Universty District,WA,98105
Ewan,Yeiles,591-900-7898,949 Spaight Parkway,Green Lake,WA,98115
Lira,Lenaghen,591-332-8502,63 Oak Plaza,Universty District,WA,98105
Deeanne,Trevorrow,371-665-2782,84 Valley Edge Park,Freemont,WA,98103
Vidovik,Royce,121-173-5198,72 Ryan Pass,Universty District,WA,98105
Harmony,Elington,879-259-2848,37 Esker Park,Universty District,WA,98105
Perkin,Fasset,895-422-4824,83 Texas Parkway,Universty District,WA,98105
Jodi,Hickisson,472-144-6395,098 Mallory Circle,Seattle,WA,98002
Selena,Phippin,240-229-9858,2 Superior Junction,Green Lake,WA,98115
Jeffie,Stebbings,636-550-4212,00295 Iowa Court,Seattle,WA,98002
Wes,Larroway,578-191-3789,9806 Maple Wood Terrace,Green Lake,WA,98115
Denny,Asker,660-370-9315,86557 Comanche Pass,Green Lake,WA,98115
Antone,Radford,211-379-4883,0 Bartillon Circle,Green Lake,WA,98115
Carrie,Goodlip,223-190-1829,2698 Carioca Trail,Seattle,WA,98002
Marcy,Latey,263-356-8824,59 Jana Junction,Green Lake,WA,98115
Nevil,Danbury,594-506-8267,212 Dayton Drive,Seattle,WA,98002
Leontyne,Brosh,972-906-9602,04455 Sachtjen Way,Universty District,WA,98105
Annemarie,Tonepohl,794-928-0160,72011 Kropf Alley,Freemont,WA,98103
Dennie,Scones,866-957-0377,348 Heath Terrace,Green Lake,WA,98115
Shelly,Stanier,126-982-2499,73064 Esch Junction,Seattle,WA,98002
Korrie,Zorzini,973-179-8241,94598 Spenser Terrace,Seattle,WA,98002
Guillaume,Kmicicki,576-137-4551,46 Mosinee Pass,Green Lake,WA,98115
Ortensia,Phidgin,681-767-7778,0 Jenna Court,Green Lake,WA,98115
Oates,Gheorghescu,959-928-4952,238 Brickson Park Parkway,Green Lake,WA,98115
Alyssa,Jubb,571-752-0573,9 Vidon Terrace,Green Lake,WA,98115
Rea,Boulstridge,992-755-3180,36002 Arizona Plaza,Seattle,WA,98002
Penelopa,Priestland,384-598-2569,855 Bartelt Way,Universty District,WA,98105
Alikee,Mitskevich,252-999-2691,0414 Shelley Pass,Universty District,WA,98105
Carissa,Kerner,901-281-5141,2733 Green Ridge Crossing,Green Lake,WA,98115
Skelly,Rayne,496-402-3978,3836 Meadow Ridge Road,Green Lake,WA,98115
Sarge,Biddwell,290-346-1286,71035 Monument Avenue,Green Lake,WA,98115
Thurstan,Glendenning,254-312-9154,588 Jay Point,Universty District,WA,98105
Laughton,Kiehne,179-393-6311,79611 Rusk Crossing,Green Lake,WA,98115
Lishe,Barlthrop,784-650-8362,0151 Dottie Circle,Seattle,WA,98002
Kendricks,Hartington,144-447-0861,3 Granby Circle,Universty District,WA,98105
Arleyne,Canizares,378-230-5628,15 Parkside Street,Freemont,WA,98103
Alica,Birks,633-985-6558,836 Eagan Court,Ballard,WA,98107
Marietta,Proschke,418-377-7829,95 Bartelt Center,Universty District,WA,98105
Flory,McGloin,589-979-6955,195 Northfield Junction,Freemont,WA,98103
Leilah,Moxson,686-965-4507,2262 Coolidge Center,Universty District,WA,98105
Merissa,Posselow,990-743-0043,27 Pine View Junction,Universty District,WA,98105
Maurice,Moffett,109-880-6229,81143 Cottonwood Circle,Seattle,WA,98002
Claudian,Macklam,864-381-0511,07 Main Place,Seattle,WA,98002
Nataline,Cockell,283-806-3894,73 Truax Park,Green Lake,WA,98115
Quinta,Pontin,768-360-2582,97 Manitowish Point,Universty District,WA,98105
Iolanthe,Royston,235-302-3718,49043 Killdeer Park,Freemont,WA,98103
Betsy,Tertre,587-507-3361,0 Hauk Junction,Ballard,WA,98107
Wade,Hercules,866-594-7007,22 Sullivan Pass,Freemont,WA,98103
Dietrich,Stiling,631-594-6427,58329 Waxwing Way,Seattle,WA,98002
Dionisio,Glancey,947-762-6378,56077 Doe Crossing Trail,Freemont,WA,98103
Darci,Upjohn,518-271-7064,9 Westerfield Hill,Seattle,WA,98002
Kit,Minto,796-711-1596,69 Lotheville Plaza,Universty District,WA,98105
Darnall,Attrill,912-812-0498,314 Rockefeller Court,Universty District,WA,98105
Rebbecca,Filchakov,605-179-9552,68225 Pine View Street,Universty District,WA,98105
Clair,Southcombe,105-631-8600,840 Kensington Court,Ballard,WA,98107
See,Benini,491-875-9664,886 Warbler Road,Ballard,WA,98107
Bastien,McMorland,864-759-9723,89855 Moose Plaza,Green Lake,WA,98115
Ricky,McGuffog,697-357-6846,4810 Ryan Hill,Seattle,WA,98002
Nickie,Wittman,213-718-6811,53357 Reindahl Way,Green Lake,WA,98115
Cletus,Berendsen,696-831-3547,38435 Sugar Point,Universty District,WA,98105
Colline,Mosdill,215-611-7602,738 Spohn Center,Seattle,WA,98002
Adina,Tutsell,928-900-2528,66 Iowa Place,Universty District,WA,98105
Wanids,Ackrill,416-413-6695,6749 Westport Parkway,Ballard,WA,98107
Darci,Milward,138-468-7753,06 Leroy Point,Ballard,WA,98107
Mord,Jacobbe,499-169-6969,6634 La Follette Street,Seattle,WA,98002
Simonette,Setchell,822-155-5334,8466 Mariners Cove Way,Green Lake,WA,98115
Hattie,Keeler,646-514-9435,2 Bartillon Avenue,Ballard,WA,98107
Annnora,Easlea,590-926-7978,4 Oak Terrace,Ballard,WA,98107
Jorry,Pittway,337-154-9754,48 Jenna Drive,Ballard,WA,98107
Jerry,Carder,353-935-7626,33920 Fremont Trail,Universty District,WA,98105
Daniella,Everwin,299-149-5392,0 Sage Terrace,Universty District,WA,98105
Rachelle,Kosiada,592-625-7002,1 Beilfuss Avenue,Ballard,WA,98107
Selene,Pears,608-140-4432,30 Mcguire Crossing,Universty District,WA,98105
Vassily,Cuppleditch,122-294-3407,04404 Swallow Hill,Green Lake,WA,98115
Geordie,Philliskirk,273-468-1824,69093 Bartelt Place,Seattle,WA,98002
Augustine,Adney,523-371-3522,02480 Tony Hill,Universty District,WA,98105
Walther,Fynn,462-655-6397,0 Eastlawn Avenue,Universty District,WA,98105
Isobel,Goggin,318-994-5963,34 Starling Crossing,Green Lake,WA,98115
Dana,Cammock,719-752-9184,46698 Beilfuss Way,Freemont,WA,98103
Leann,Shipston,761-444-5717,781 Butternut Lane,Ballard,WA,98107
Karen,Steels,512-223-0677,6 Crownhardt Crossing,Freemont,WA,98103
Robin,Spira,411-806-9708,3785 Riverside Circle,Seattle,WA,98002
Aubrey,Meese,510-421-3882,3 Carpenter Terrace,Ballard,WA,98107
Eadie,Treadger,531-450-0342,98 Knutson Trail,Green Lake,WA,98115
Neale,Cridlan,502-791-1691,2 Bowman Park,Seattle,WA,98002
Ian,Dobrowlski,581-639-2020,7181 Blackbird Place,Green Lake,WA,98115
Jennee,Iskowicz,989-799-0305,3 Fisk Court,Universty District,WA,98105
Ciro,Daugherty,219-103-3016,4 Bunker Hill Junction,Seattle,WA,98002
Ardeen,Kennifick,805-796-9938,29931 Upham Trail,Ballard,WA,98107
Ilario,Cullrford,131-725-5211,40405 Heffernan Trail,Seattle,WA,98002
Merrill,Demaine,717-642-0312,17 Evergreen Road,Ballard,WA,98107
Wilbur,Spenton,140-174-6083,36808 Ilene Hill,Universty District,WA,98105
Massimiliano,Speirs,515-536-9744,16608 Claremont Plaza,Seattle,WA,98002
Dillon,McDavitt,945-750-5063,8283 Debra Alley,Seattle,WA,98002
Cam,Beaushaw,257-424-7394,464 Carberry Avenue,Ballard,WA,98107
Lyndsie,Forcade,172-684-6650,316 Elka Court,Green Lake,WA,98115
Sayres,Narup,424-708-7035,1453 Green Ridge Junction,Green Lake,WA,98115
Bobby,Brydson,443-953-8808,6 Badeau Alley,Seattle,WA,98002
Langston,Moreman,399-291-0613,3 Sundown Terrace,Universty District,WA,98105
Nikkie,Burkinshaw,237-347-0100,0238 Commercial Point,Universty District,WA,98105
My,Mannin,558-207-3736,655 6th Drive,Ballard,WA,98107
Livvie,Pudney,105-144-9117,75 Continental Park,Freemont,WA,98103
Mavis,Reeman,168-712-0496,1005 Rieder Trail,Universty District,WA,98105
Lynett,Hurler,835-429-8708,033 Holmberg Hill,Universty District,WA,98105
Erek,Gerleit,425-259-6113,9 Charing Cross Point,Green Lake,WA,98115
Talyah,Mc Andrew,594-166-1761,273 Larry Street,Universty District,WA,98105
Davon,Tufts,634-545-1231,7733 Mallard Road,Ballard,WA,98107
Madlen,Corran,847-748-5160,34 Eggendart Park,Green Lake,WA,98115
Andee,Croce,772-486-4681,66 Schmedeman Terrace,Freemont,WA,98103
Austin,Aidler,272-264-9310,59 Esker Trail,Seattle,WA,98002
Yuma,Pomfrey,614-584-1282,94039 Grim Alley,Seattle,WA,98002
Rock,Chellingworth,784-744-8671,60603 Bluejay Pass,Seattle,WA,98002
Adella,Gennings,971-789-6452,550 Loeprich Court,Freemont,WA,98103
Bernarr,Trustie,387-690-0793,881 Helena Park,Ballard,WA,98107
Dahlia,Karoly,847-560-6727,42 Coleman Circle,Ballard,WA,98107
Marie-jeanne,Belliveau,727-782-5073,444 Lerdahl Point,Freemont,WA,98103
Darcy,Giriardelli,134-695-9535,72 Bay Way,Freemont,WA,98103
Laurette,Samudio,839-810-1860,79 Mcbride Hill,Green Lake,WA,98115
Loree,Danilovic,377-226-8223,0 Sullivan Terrace,Seattle,WA,98002
Morna,Vicar,984-958-4244,851 Eastlawn Center,Ballard,WA,98107
Ines,Booy,962-355-0755,5 Arrowood Parkway,Freemont,WA,98103
Kyla,Creyke,322-549-7454,1715 Almo Hill,Ballard,WA,98107
Annalee,Albon,544-370-1476,659 Gale Crossing,Universty District,WA,98105
Amalee,Dirr,594-581-8132,1188 Rowland Terrace,Universty District,WA,98105
Dimitri,Formby,988-594-5691,4858 Bartillon Park,Freemont,WA,98103
Cherrita,Wigan,227-923-3397,6 Kinsman Pass,Universty District,WA,98105
Rozina,Timny,335-173-4707,3122 Superior Center,Freemont,WA,98103
Laurice,Thorpe,849-618-0885,98982 Portage Alley,Universty District,WA,98105
Darrel,Howden,553-698-9484,119 South Drive,Seattle,WA,98002
Gertrude,Lieber,192-378-8863,2 Chinook Point,Ballard,WA,98107
Otes,Simoes,623-824-0052,625 Crowley Plaza,Ballard,WA,98107
Nicholas,Lippini,124-804-8508,250 Amoth Place,Universty District,WA,98105
Allin,Frift,715-350-7450,7 8th Terrace,Freemont,WA,98103
Dickie,Robardet,272-145-7450,80 Farmco Hill,Seattle,WA,98002
Marcelline,Stealey,129-730-8938,04 Sauthoff Parkway,Ballard,WA,98107
Yasmeen,Itschakov,547-472-5625,364 New Castle Court,Universty District,WA,98105
Mike,Truitt,204-401-4890,45575 Northland Drive,Universty District,WA,98105
Zeb,Merwede,711-104-9108,609 Blaine Pass,Ballard,WA,98107
Webster,Vampouille,751-931-9620,64542 Hanson Alley,Universty District,WA,98105
Christabella,Bigglestone,731-576-1302,5649 Sachtjen Park,Freemont,WA,98103
Brody,Adnams,910-961-4897,49685 Moose Crossing,Universty District,WA,98105
Ken,Webling,968-128-6412,02561 Clyde Gallagher Avenue,Ballard,WA,98107
Carmine,Woolmore,412-818-5108,87 Moland Road,Seattle,WA,98002
Doralyn,Carmody,145-268-7745,36 Pepper Wood Junction,Ballard,WA,98107
Dianne,Janovsky,801-347-4688,01903 Eagle Crest Road,Seattle,WA,98002
Ceciley,O'Calleran,969-777-3617,8086 Maple Wood Trail,Green Lake,WA,98115
Garth,Reggiani,449-772-0797,0739 Dexter Pass,Green Lake,WA,98115
Daisy,Sanpere,306-897-4915,94231 Onsgard Avenue,Universty District,WA,98105
Willy,Dibbs,812-379-4260,893 Toban Road,Universty District,WA,98105
Billye,Moggan,811-207-7025,2 Oriole Court,Seattle,WA,98002
Fredelia,Bresnen,595-882-3783,8 8th Avenue,Freemont,WA,98103
Lynelle,Lenz,348-630-8025,7 Service Junction,Seattle,WA,98002
Melloney,Nickell,183-309-2038,508 Prentice Road,Seattle,WA,98002
Milena,Armatage,585-740-1702,9563 Donald Hill,Universty District,WA,98105
Lanna,Winscum,453-710-1393,96 Grim Hill,Freemont,WA,98103
Elnora,Keen,782-131-3346,3021 Independence Avenue,Freemont,WA,98103
Vale,O'Hare,619-183-2391,895 Bluestem Place,Green Lake,WA,98115
Marillin,Haseman,778-586-3273,4989 Burning Wood Point,Ballard,WA,98107
Cherin,Ruff,824-649-5597,8847 Prentice Trail,Seattle,WA,98002
Ursula,Murton,213-853-6964,6010 Schlimgen Drive,Freemont,WA,98103
Debby,Royans,147-174-8350,8564 Magdeline Avenue,Green Lake,WA,98115
Caterina,Kampshell,113-682-8015,4 Carioca Center,Freemont,WA,98103
Federica,Iddy,746-287-0235,01729 Village Junction,Ballard,WA,98107
Nevins,Phizakarley,607-189-0858,37 Dwight Trail,Universty District,WA,98105
Audi,Shimmin,275-741-2790,20 Gateway Park,Green Lake,WA,98115
Kellen,Karpman,313-759-9716,36 Arizona Terrace,Seattle,WA,98002
Agustin,Skuse,482-452-5062,04 Mcbride Road,Ballard,WA,98107
Meade,Simpson,304-217-4050,9 Lillian Road,Green Lake,WA,98115
Keenan,Kornilyev,555-517-0648,464 Spohn Park,Universty District,WA,98105
Zacharias,Maclean,992-622-1592,54 Nova Street,Green Lake,WA,98115
Gilligan,Wynter,707-354-2512,67 Sutteridge Street,Universty District,WA,98105
Morlee,MacQuist,368-281-6214,700 Prairieview Park,Freemont,WA,98103
Sib,Connop,200-720-3908,20 Bay Place,Ballard,WA,98107
Amelia,Ecclestone,757-142-3497,1026 Kim Point,Universty District,WA,98105
Lolly,Bissill,585-721-5941,75643 Hansons Plaza,Ballard,WA,98107
Aridatha,Gotthard,373-951-4185,43440 Waubesa Alley,Freemont,WA,98103
Cicely,Towson,918-801-9206,78808 Crownhardt Avenue,Seattle,WA,98002
Peg,Allnutt,468-713-3231,6 Dottie Point,Ballard,WA,98107
Melicent,Junkin,183-388-5441,307 Anderson Avenue,Ballard,WA,98107
Mel,McFeat,845-797-2362,284 Becker Terrace,Green Lake,WA,98115
Brandyn,MacDonnell,254-539-6441,2 Corscot Trail,Ballard,WA,98107
Rem,Bows,289-999-2229,9649 Tony Way,Universty District,WA,98105
Phillipe,Hynd,803-776-8542,5 Hintze Terrace,Freemont,WA,98103
Aylmer,Erridge,240-399-6166,409 Sutteridge Road,Freemont,WA,98103
Sibby,Cockerham,763-189-3551,50 Lunder Plaza,Green Lake,WA,98115
Junina,Torres,203-231-2777,85988 Rusk Alley,Green Lake,WA,98115
Fulvia,Atthowe,510-867-7064,46058 Bluejay Court,Universty District,WA,98105
Randie,Playford,774-871-5088,20 Clove Crossing,Ballard,WA,98107
Tiffanie,Crapper,992-655-2886,2 Haas Hill,Freemont,WA,98103
Gerta,Sapsed,595-374-7555,9 Rockefeller Parkway,Universty District,WA,98105
Elliot,Rawlings,726-814-1357,87117 Upham Terrace,Green Lake,WA,98115
Rab,Larkings,647-225-1958,8 Meadow Valley Place,Freemont,WA,98103
Godfrey,Pattini,282-250-2339,9 Glendale Lane,Seattle,WA,98002
Mia,Eaglen,601-868-6766,7 Northland Place,Seattle,WA,98002
Mercy,Shipp,764-732-3023,3388 Messerschmidt Crossing,Ballard,WA,98107
Marje,Yves,636-419-2892,1301 Sommers Place,Seattle,WA,98002
Scarlett,Gumb,463-164-4235,025 Spohn Center,Green Lake,WA,98115
Misti,Tapp,868-625-6128,0829 Coolidge Crossing,Universty District,WA,98105
Nowell,Lukianovich,935-705-8952,0011 South Hill,Freemont,WA,98103
Putnem,Watkiss,421-940-7065,466 Sloan Trail,Green Lake,WA,98115
Celestine,Proven,359-605-2451,8 Aberg Parkway,Green Lake,WA,98115
Melanie,Solano,433-773-5328,25514 Victoria Place,Seattle,WA,98002
Philipa,Lukovic,990-657-1633,2361 Fuller Plaza,Ballard,WA,98107
Tina,Coppenhall,463-661-1538,0 Sage Court,Universty District,WA,98105
Atlanta,Karlicek,424-391-5301,229 Quincy Junction,Freemont,WA,98103
Ximenez,MacShirie,701-392-4621,3281 Independence Plaza,Freemont,WA,98103
Shaina,Keese,317-989-5937,16224 Paget Terrace,Green Lake,WA,98115
Sigfried,Fortye,546-988-2872,882 Sunnyside Crossing,Freemont,WA,98103
Chris,O' Mullane,713-703-2297,437 Morningstar Circle,Universty District,WA,98105
Lurlene,Wilshaw,991-425-2492,552 Moland Park,Freemont,WA,98103
Denney,Tuberfield,764-931-2732,0127 Wayridge Hill,Freemont,WA,98103
Arron,Peer,348-995-7349,54 Thackeray Avenue,Universty District,WA,98105
Wenona,Anstice,492-888-3279,601 Bayside Alley,Freemont,WA,98103
Jard,Hairsine,940-433-2482,7777 Redwing Lane,Freemont,WA,98103
Candie,MacPherson,114-190-7896,8787 Loftsgordon Crossing,Freemont,WA,98103
Salmon,Samber,101-657-6925,326 Hooker Park,Freemont,WA,98103
Merry,Twiddy,300-219-4508,1493 Tennyson Place,Ballard,WA,98107
Maurise,Copplestone,442-661-1722,991 Pierstorff Park,Freemont,WA,98103
Ginnifer,Thridgould,673-788-4978,75 Crownhardt Trail,Freemont,WA,98103
Russell,Zoephel,361-786-3862,987 Sage Lane,Universty District,WA,98105
Shari,Gyurkovics,310-476-4607,100 Trailsway Plaza,Freemont,WA,98103
Doll,Storey,818-353-4006,9647 Erie Drive,Ballard,WA,98107
Joana,Buckwell,472-347-4847,15 Blue Bill Park Terrace,Universty District,WA,98105
Berky,Sanbrooke,721-232-1169,89 Veith Way,Ballard,WA,98107
Maire,Crombie,439-474-0566,323 Continental Place,Green Lake,WA,98115
Wyatan,Diemer,606-817-5104,153 Carberry Hill,Freemont,WA,98103
Prentiss,Spary,806-174-4530,106 Sheridan Terrace,Green Lake,WA,98115
Annie,Toderi,867-960-2005,94058 1st Circle,Freemont,WA,98103
Eben,Rodriguez,770-330-6013,089 Scofield Court,Universty District,WA,98105
Halimeda,Gainor,446-116-7501,0193 Memorial Drive,Green Lake,WA,98115
Jim,Blundon,266-940-4508,7518 Talmadge Terrace,Green Lake,WA,98115
Dolley,Girvin,833-330-4966,269 Michigan Court,Ballard,WA,98107
Catrina,Aynscombe,182-505-2409,4 Miller Court,Freemont,WA,98103
Leia,Cavanaugh,655-341-6900,269 Barnett Park,Freemont,WA,98103
Gussi,Bielfeldt,763-349-1559,69092 Melrose Court,Seattle,WA,98002
Woodrow,Gonnelly,546-743-5820,567 Loomis Terrace,Freemont,WA,98103
Matthias,Lis,812-688-6296,87658 Grayhawk Circle,Ballard,WA,98107
Rollins,Saffin,139-214-7378,3211 Victoria Court,Universty District,WA,98105
Dacia,Atyeo,875-104-5449,45365 East Lane,Ballard,WA,98107
Othello,Stailey,412-393-8722,42 Acker Lane,Green Lake,WA,98115
Bret,Piddle,263-541-1163,1924 Norway Maple Trail,Freemont,WA,98103
Parke,Wadwell,198-235-8422,9711 Jay Junction,Ballard,WA,98107
Donnie,Callington,203-117-2722,3 Ruskin Drive,Seattle,WA,98002
Kenny,Beckey,288-349-0206,150 8th Road,Freemont,WA,98103
Fulvia,MacGiany,761-501-3857,44634 Valley Edge Lane,Green Lake,WA,98115
Hallsy,Iacovazzi,654-870-4403,1 Schurz Trail,Ballard,WA,98107
Brady,Lowe,630-833-7016,752 Truax Plaza,Universty District,WA,98105
Jeromy,Daunay,848-545-1409,8 American Ash Park,Green Lake,WA,98115
Kearney,Barlee,140-212-9976,0 Schmedeman Street,Green Lake,WA,98115
Thorsten,Benjefield,806-275-9111,1 Loftsgordon Road,Green Lake,WA,98115
Jamison,Esh,830-199-5284,61943 Butternut Place,Green Lake,WA,98115
Kevon,Minguet,807-777-3451,69212 Mayer Point,Freemont,WA,98103
Ysabel,Barabich,784-462-3157,6131 Waubesa Alley,Universty District,WA,98105
Cesaro,Schnieder,799-460-9708,375 Butterfield Alley,Ballard,WA,98107
Ilysa,Vaux,267-201-2303,966 Valley Edge Circle,Green Lake,WA,98115
Kendricks,Bollins,369-352-3254,3 Dexter Pass,Green Lake,WA,98115
Catlin,Gwynne,729-400-3194,853 Coolidge Hill,Freemont,WA,98103
Wenda,Bourdice,291-840-3419,9 Duke Alley,Seattle,WA,98002
Phylys,Gervaise,338-656-4498,07045 Grover Way,Ballard,WA,98107
Owen,Rubin,561-395-3234,12997 Shasta Point,Freemont,WA,98103
Nancie,Georgot,125-628-5225,578 Fairfield Park,Ballard,WA,98107
Kurtis,Kofax,225-471-8402,8196 Jenifer Street,Freemont,WA,98103
Tomasina,Inchbald,239-867-2124,783 Quincy Trail,Ballard,WA,98107
Berkley,Lefridge,551-970-2620,50 Mayfield Place,Ballard,WA,98107
Eydie,Petrulis,899-272-3304,400 Independence Way,Ballard,WA,98107
Caralie,Colliard,343-162-1433,41 Everett Court,Green Lake,WA,98115
Yanaton,Magnus,536-216-3889,9 Truax Plaza,Green Lake,WA,98115
Gilbert,Padginton,296-913-7608,075 Aberg Way,Seattle,WA,98002
Zack,Hulburd,648-154-6236,245 Atwood Terrace,Universty District,WA,98105
Arlinda,Dukes,440-715-9222,2340 Westport Park,Green Lake,WA,98115
Vania,Andreopolos,696-367-4085,431 Derek Drive,Universty District,WA,98105
Latrina,Rickcord,235-618-4298,0864 Rockefeller Trail,Seattle,WA,98002
Leoline,Strothers,425-389-4681,894 Service Trail,Seattle,WA,98002
Alaster,Erbain,670-602-4872,8732 Fulton Avenue,Universty District,WA,98105
Kaitlyn,Fenning,525-191-3295,57899 Crowley Circle,Universty District,WA,98105
Rosalia,McFarland,623-182-3417,8 Cottonwood Way,Seattle,WA,98002
Fernandina,Callaghan,747-391-4313,215 Lindbergh Drive,Green Lake,WA,98115
Erinna,Sare,682-217-1074,5229 Burrows Pass,Freemont,WA,98103
Toni,Kidner,636-808-6198,67 Sundown Street,Universty District,WA,98105
Elfreda,Chilton,416-384-5164,37 Ilene Park,Green Lake,WA,98115
Kory,Phalip,544-254-1164,5 Melby Avenue,Freemont,WA,98103
Tim,Andresser,658-964-5137,6 Schurz Avenue,Seattle,WA,98002
Daren,Litherland,697-771-0651,6176 Sutteridge Junction,Green Lake,WA,98115
Pippa,Faloon,931-389-9453,690 Kenwood Junction,Universty District,WA,98105
Chadd,Daykin,269-865-6664,77061 Northwestern Plaza,Freemont,WA,98103
Oralee,Clerke,888-258-0000,2 Mallard Lane,Universty District,WA,98105
Roberto,Gremain,474-504-3524,593 Springs Plaza,Seattle,WA,98002
Gleda,Gildersleaves,283-695-1446,08919 Pine View Parkway,Freemont,WA,98103
Magdalene,Heggs,726-549-3394,97439 Lawn Circle,Seattle,WA,98002
Vladimir,Wrey,110-680-4869,3 Blaine Plaza,Ballard,WA,98107
Ingeberg,Dundon,919-636-3284,79348 Southridge Alley,Universty District,WA,98105
Ranique,Birtles,723-778-8937,9401 Nova Circle,Ballard,WA,98107
Waite,Stanning,792-599-5998,52 Fairview Avenue,Freemont,WA,98103
Guthry,Veque,182-726-6110,9945 Kropf Parkway,Green Lake,WA,98115
Neel,Boycott,209-368-8884,0786 Holy Cross Parkway,Universty District,WA,98105
Rubie,Costall,223-428-8541,1591 Maple Alley,Freemont,WA,98103
Pippy,O'Cannavan,728-492-4143,394 Heffernan Trail,Seattle,WA,98002
Staffard,Chaves,820-626-0132,28899 Gateway Way,Green Lake,WA,98115
Ortensia,Joy,113-806-7815,82109 Carpenter Terrace,Green Lake,WA,98115
Rivy,McClosh,535-240-6785,563 Melvin Circle,Freemont,WA,98103
Garret,Eamer,917-413-4564,237 High Crossing Park,Seattle,WA,98002
Cory,Urpeth,761-739-4851,6 Thackeray Court,Ballard,WA,98107
Burnard,Hunnywell,169-556-5385,0616 Morning Lane,Seattle,WA,98002
Darrell,Newland,913-913-9641,41 Michigan Center,Freemont,WA,98103
Catlaina,Jantzen,689-203-7079,4576 Melvin Alley,Freemont,WA,98103
Lionello,Carcas,478-133-4815,5087 Springview Avenue,Freemont,WA,98103
Violetta,Cremin,727-872-5478,0 Duke Trail,Green Lake,WA,98115
Jerrine,Currall,410-518-0592,2 Westport Drive,Seattle,WA,98002
Ingmar,Scatchar,495-809-1111,166 Miller Way,Universty District,WA,98105
Tades,Crawford,232-412-7528,784 Lukken Court,Freemont,WA,98103
Raymund,Djurdjevic,658-995-8449,8523 Red Cloud Street,Freemont,WA,98103
Harlie,Jarry,989-557-4422,75 Manufacturers Road,Seattle,WA,98002
Ruby,Westgate,226-250-2304,374 Mendota Drive,Universty District,WA,98105
Yelena,Inglish,575-743-4576,87559 Village Green Parkway,Universty District,WA,98105
Simmonds,Findlay,761-636-4760,04930 Kim Avenue,Green Lake,WA,98115
Forester,Emanueli,827-727-2482,484 Green Ridge Parkway,Freemont,WA,98103
Rona,Arnolds,495-105-1040,9782 Twin Pines Road,Freemont,WA,98103
Susanne,Peinton,573-742-8415,44087 Butternut Trail,Green Lake,WA,98115
Carol,Steckings,223-732-5520,97 Packers Parkway,Freemont,WA,98103
Neda,Seed,231-584-3490,368 Hoard Pass,Freemont,WA,98103
Oralie,Noir,256-670-4555,421 Fremont Place,Freemont,WA,98103
Isabelle,Angrock,515-618-5925,76 Corry Plaza,Seattle,WA,98002
Elston,Mc Faul,269-242-2006,513 Blackbird Way,Universty District,WA,98105
Nickola,Jallin,380-614-5306,1 Carpenter Road,Universty District,WA,98105
Marlee,McKeown,874-337-9265,4 Magdeline Road,Green Lake,WA,98115
Smitty,Habbes,822-991-3175,0 Del Sol Plaza,Universty District,WA,98105
Zolly,Kuhndel,337-590-5194,84545 Parkside Way,Ballard,WA,98107
Fulton,Buzza,616-608-8376,658 Clove Street,Ballard,WA,98107
Inness,Gillease,943-406-7656,46456 Hazelcrest Way,Ballard,WA,98107
Giusto,Dolden,311-380-2591,87 Ridgeway Point,Ballard,WA,98107
Rey,Jenken,239-521-5491,1 Iowa Place,Green Lake,WA,98115
Arden,Goldup,541-742-2364,4 Blackbird Avenue,Seattle,WA,98002
Saleem,Alliott,230-992-1155,7 Arapahoe Crossing,Universty District,WA,98105
Pascale,Goodge,315-676-7890,46160 Heffernan Plaza,Green Lake,WA,98115
Sully,Birkmyr,773-938-7878,673 Mockingbird Crossing,Ballard,WA,98107
Filberte,Wiggans,959-874-5097,2 Ridge Oak Terrace,Green Lake,WA,98115
Marci,Georgeau,807-394-7132,74237 Reinke Place,Green Lake,WA,98115
Brynn,Tessyman,761-668-5260,1 Lakewood Hill,Freemont,WA,98103
Rudolf,Coetzee,938-512-4114,9 Texas Trail,Ballard,WA,98107
Burl,Sanz,954-737-3369,63 Melby Place,Seattle,WA,98002
Dael,McKag,558-920-6344,913 Porter Road,Green Lake,WA,98115
Prince,Ziemecki,732-883-8451,3 Brown Terrace,Freemont,WA,98103
Sadye,Speare,570-508-1333,817 Hovde Lane,Freemont,WA,98103
Hillary,Dobie,637-311-3247,502 Thompson Trail,Green Lake,WA,98115
Amargo,Lomasny,888-456-5617,9 Merrick Lane,Freemont,WA,98103
Stace,Bernade,202-766-8776,479 Center Hill,Green Lake,WA,98115
Neda,Pipes,258-173-4797,09 Park Meadow Trail,Green Lake,WA,98115
Giffer,Dalling,375-270-7741,28 Memorial Park,Freemont,WA,98103
Amory,McNea,956-551-5832,08257 Surrey Alley,Green Lake,WA,98115
Buddie,Mateescu,824-857-3775,8137 8th Alley,Freemont,WA,98103
Moshe,Godard,452-242-8173,2 Independence Road,Universty District,WA,98105
Rosabelle,Pinar,286-436-3742,871 Graedel Park,Freemont,WA,98103
Wendie,Sunman,486-651-4730,88160 Kim Place,Ballard,WA,98107
Daniella,Kitchenman,833-922-6256,6893 Annamark Pass,Seattle,WA,98002
Andrei,Ettels,254-749-3448,110 Rowland Way,Ballard,WA,98107
Tiphanie,Aylott,701-160-9397,62931 Schlimgen Trail,Green Lake,WA,98115
Oren,Kacheler,900-147-3307,9881 American Hill,Ballard,WA,98107
Matti,Ambrogiotti,251-669-1873,83 Springs Terrace,Ballard,WA,98107
Woodrow,Checo,451-863-4823,63 1st Pass,Ballard,WA,98107
Curry,Congreve,804-737-7779,2957 Waywood Circle,Seattle,WA,98002
Delphinia,Kitman,971-687-6127,03832 Evergreen Road,Freemont,WA,98103
Pooh,Mangenot,423-747-8199,0 Transport Park,Green Lake,WA,98115
Jen,Stickland,427-607-1762,4 Gerald Plaza,Freemont,WA,98103
Joelly,Savins,886-112-5594,36 Vernon Alley,Seattle,WA,98002
Jada,Westcot,307-981-1095,8567 Hansons Avenue,Green Lake,WA,98115
Tannie,Welburn,222-849-8952,0248 Fordem Way,Green Lake,WA,98115
Sharlene,Janew,379-827-7159,8 Morningstar Junction,Ballard,WA,98107
Maggee,Petrillo,129-872-6525,55290 Arizona Avenue,Universty District,WA,98105
Kaitlyn,Kelshaw,947-444-2549,71 Ridge Oak Crossing,Ballard,WA,98107
Jamie,Fumagallo,913-730-0821,5 Twin Pines Circle,Green Lake,WA,98115
Shelden,Donnellan,741-480-7545,933 Pennsylvania Hill,Green Lake,WA,98115
Augustine,Morriss,468-998-5814,49943 Bunting Pass,Freemont,WA,98103
Bernhard,Gaine of England,998-423-6197,2299 Esch Trail,Freemont,WA,98103
Carie,Di Biaggi,260-478-4644,20398 Trailsway Court,Green Lake,WA,98115
Merilee,Rehm,610-476-3612,500 Boyd Trail,Seattle,WA,98002
Symon,Miklem,576-858-5831,81281 Ridgeview Street,Ballard,WA,98107
Melly,Byre,724-234-3389,1532 Express Park,Seattle,WA,98002
Nicol,Franzini,162-684-2497,48 Del Sol Terrace,Universty District,WA,98105
Ashlan,Cubbin,687-148-5486,8851 Darwin Alley,Seattle,WA,98002
Rogerio,Newvill,828-717-1719,1991 Bellgrove Trail,Universty District,WA,98105
Hill,Tucsell,661-749-2994,54521 Lunder Avenue,Seattle,WA,98002
Antone,Davidek,769-513-9741,998 Village Court,Ballard,WA,98107
Devon,Mooreed,953-190-0501,9302 Mosinee Alley,Seattle,WA,98002
Kelsy,Scottini,757-546-3979,9237 Brown Court,Ballard,WA,98107
Hilliary,Tedridge,675-964-3342,940 Manitowish Plaza,Seattle,WA,98002
Ertha,Cromer,306-615-3248,20571 Kropf Way,Ballard,WA,98107
Lebbie,Nuzzti,125-947-1551,3 Lighthouse Bay Way,Green Lake,WA,98115
Conchita,Ollivier,475-544-7615,5415 Corben Junction,Green Lake,WA,98115
Gilli,Tarling,413-871-5356,26735 Brentwood Pass,Freemont,WA,98103
Adriena,Soutter,644-327-6971,6161 Westend Drive,Green Lake,WA,98115
Bayard,Bazely,485-347-8550,1 Eagan Way,Seattle,WA,98002
Juieta,Dandison,671-365-1566,80931 Prentice Pass,Freemont,WA,98103
Arielle,Lavers,752-424-1805,897 Laurel Plaza,Seattle,WA,98002
Angy,Juliff,599-119-7863,0430 Sundown Trail,Ballard,WA,98107
Maritsa,Havick,406-801-1524,671 Dixon Plaza,Ballard,WA,98107
Candide,Danielian,101-433-9955,5 Fisk Hill,Green Lake,WA,98115
Briana,Tolomio,918-772-5220,149 Columbus Lane,Green Lake,WA,98115
Johnny,Glasper,702-748-8390,87 Scofield Lane,Ballard,WA,98107
Charin,Noye,988-917-7616,382 Lighthouse Bay Place,Seattle,WA,98002
Nedda,Dudden,178-555-0548,69345 Northfield Drive,Freemont,WA,98103
Northrop,Zannetti,149-744-6982,3 Bultman Alley,Seattle,WA,98002
Arlen,Challes,859-976-7712,7867 Lindbergh Lane,Green Lake,WA,98115
Jock,Skevington,509-499-4873,62 2nd Parkway,Seattle,WA,98002
Mechelle,de Almeida,518-766-3425,17 Cambridge Hill,Ballard,WA,98107
Perl,Realff,133-645-8787,1 5th Trail,Ballard,WA,98107
Kelley,Spaldin,284-191-2960,555 Meadow Vale Street,Freemont,WA,98103
Rhetta,Ormes,126-697-9534,15 Sunnyside Place,Universty District,WA,98105
Waldemar,Lochet,487-987-1168,25706 Packers Road,Green Lake,WA,98115
Ilse,Springer,834-413-5761,8376 Londonderry Avenue,Universty District,WA,98105
Adler,Barbie,742-297-0962,4706 Everett Crossing,Green Lake,WA,98115
Kassie,Halligan,204-436-0369,629 Hayes Road,Seattle,WA,98002
Willy,Gratten,146-991-9435,1 Old Gate Junction,Seattle,WA,98002
Pamelina,Karpushkin,527-147-2344,14509 Straubel Point,Green Lake,WA,98115
Chickie,Pashbee,701-618-0590,14198 Butternut Avenue,Green Lake,WA,98115
Kally,Rolfi,859-226-7730,06 Westport Pass,Green Lake,WA,98115
Humfrid,Ness,406-211-5178,430 Clarendon Drive,Seattle,WA,98002
Any,Temperton,705-466-8803,8082 Declaration Point,Freemont,WA,98103
Bethanne,O'Currine,340-122-5881,05582 Brentwood Road,Green Lake,WA,98115
Harley,Ridout,327-600-2355,89 Huxley Avenue,Ballard,WA,98107
Myrah,Mateo,905-699-1717,82 Merrick Road,Seattle,WA,98002
Emile,Summerly,265-572-7169,28031 Dorton Park,Seattle,WA,98002
Wilden,Farr,775-783-6020,2436 Myrtle Drive,Freemont,WA,98103
Gavin,Snibson,290-484-5631,50121 Kennedy Plaza,Freemont,WA,98103
Gabie,Milesop,481-542-8154,37762 Reinke Court,Green Lake,WA,98115
Bernita,Perrins,298-930-1963,0 Stang Way,Ballard,WA,98107
Jolynn,Petrou,393-335-9021,22712 Becker Pass,Green Lake,WA,98115
Bondon,Mellmoth,925-641-6421,51 Badeau Crossing,Green Lake,WA,98115
Germain,Scarratt,427-296-1119,2 Northridge Park,Green Lake,WA,98115
Juline,Oldfield,370-854-9021,66 Fisk Circle,Universty District,WA,98105
Yvon,Underdown,186-831-1122,69 Bowman Park,Universty District,WA,98105
Ichabod,Sweetnam,546-741-7583,0565 Hagan Way,Universty District,WA,98105
Jesse,Oxburgh,858-120-2294,9751 Gina Center,Seattle,WA,98002
Karalee,Priden,673-156-4033,6 Sutherland Avenue,Ballard,WA,98107
Nicolas,Kelson,362-474-1658,374 Graceland Court,Ballard,WA,98107
Claudie,Edgett,284-887-8826,06 Brown Street,Freemont,WA,98103
Eduino,Jerrom,146-219-5653,80169 Harbort Hill,Seattle,WA,98002
Mellisent,Glossup,364-442-5283,7422 Miller Plaza,Freemont,WA,98103
Barbara-anne,Handscombe,517-299-3509,2 Fisk Place,Freemont,WA,98103
Belita,Baudin,950-653-2218,8906 Elgar Place,Green Lake,WA,98115
Mavra,Rodenburg,611-955-0517,9 Truax Hill,Green Lake,WA,98115
Waring,Kullmann,109-875-2950,484 Manley Park,Universty District,WA,98105
Brent,Dargie,471-239-4400,2 Moland Trail,Ballard,WA,98107
Nadeen,Toffanini,535-961-9203,136 Blaine Plaza,Freemont,WA,98103
Leland,Garron,655-505-1656,12 South Junction,Ballard,WA,98107
Loren,McNickle,377-300-6099,4 Lindbergh Drive,Universty District,WA,98105
Teodora,De Ortega,970-786-2782,27212 Fordem Pass,Universty District,WA,98105
Aubree,Nornasell,978-111-8030,35550 American Ash Junction,Freemont,WA,98103
Lia,Eliaz,389-799-4766,2304 La Follette Alley,Ballard,WA,98107
Cynthia,Djekovic,805-280-3890,5 Amoth Terrace,Universty District,WA,98105
Debby,Gregolin,918-162-8005,66 Anthes Crossing,Seattle,WA,98002
Alasdair,Lawes,446-322-5348,34435 Butternut Place,Freemont,WA,98103
Olin,Boagey,104-773-3699,10 Barby Center,Green Lake,WA,98115
Mirabella,Meiningen,916-310-9803,95275 4th Parkway,Ballard,WA,98107
Cleve,McArd,930-924-7484,1 Debra Terrace,Universty District,WA,98105
Shayne,Potts,633-331-8634,520 Glendale Park,Green Lake,WA,98115
Blondy,Klemenz,916-743-9221,96492 Mccormick Terrace,Universty District,WA,98105
Jonathan,Edison,741-476-4219,671 Talmadge Avenue,Universty District,WA,98105
Austine,Stanwix,384-384-5114,52942 Emmet Crossing,Universty District,WA,98105
Andre,Blyth,148-467-3874,26 Debra Lane,Green Lake,WA,98115
Sheelah,Sutherington,885-877-6344,1696 Muir Drive,Green Lake,WA,98115
Fairleigh,Benardette,833-948-1910,69 Mifflin Plaza,Green Lake,WA,98115
Fran,Shayler,204-398-2808,047 Sunbrook Place,Seattle,WA,98002
Kaitlyn,Spooner,161-572-6878,308 Emmet Lane,Universty District,WA,98105
Max,Fagence,140-157-5164,16106 Northwestern Circle,Seattle,WA,98002
Thorsten,Whyke,212-449-3957,84031 Commercial Place,Ballard,WA,98107
Ina,Tomik,110-806-9391,207 Ilene Point,Seattle,WA,98002
Gunar,Bauckham,855-249-2802,783 Browning Crossing,Green Lake,WA,98115
Laurie,McAuslene,266-863-3725,630 Hoepker Junction,Freemont,WA,98103
Cammi,Pavey,321-853-7672,10110 Forest Run Way,Freemont,WA,98103
Granny,Staining,657-104-7457,229 Steensland Junction,Freemont,WA,98103
Lula,Dines,445-866-3423,859 Sheridan Alley,Green Lake,WA,98115
Renata,Simeonov,933-538-3867,4 Longview Drive,Freemont,WA,98103
Boy,Janny,139-453-4887,8 Sutherland Circle,Freemont,WA,98103
Gabbie,Stoute,891-688-9729,92099 Havey Parkway,Seattle,WA,98002
Hillery,Warmisham,977-604-1373,5 Kings Court,Seattle,WA,98002
Clarine,D' Angelo,716-777-4855,4 Hoepker Terrace,Ballard,WA,98107
Guendolen,Stut,681-944-9121,78147 Vermont Court,Seattle,WA,98002
Carmita,Duggan,861-952-4537,0 Farmco Trail,Seattle,WA,98002
Harv,Schole,450-405-2516,5 Hoard Center,Green Lake,WA,98115
Rog,Bessett,550-665-1273,0 Carpenter Junction,Universty District,WA,98105
Thia,Gilston,305-654-2561,1 Cordelia Trail,Universty District,WA,98105
Tadd,Thouless,963-224-5831,15 Mcguire Trail,Ballard,WA,98107
Russell,Pheasant,278-868-6132,15476 Goodland Avenue,Universty District,WA,98105
Tyler,Bulle,128-568-6696,92 Canary Junction,Freemont,WA,98103
Doralynn,Spearman,159-120-7783,5 Hollow Ridge Way,Universty District,WA,98105
Tracie,Michal,200-836-0572,5994 Superior Street,Seattle,WA,98002
Donavon,Grissett,937-682-8208,63974 Nova Pass,Green Lake,WA,98115
Wanda,Buckingham,913-625-3173,54465 Del Mar Point,Seattle,WA,98002
Brande,Doudney,400-174-5003,439 Bellgrove Circle,Freemont,WA,98103
Farly,O'Scollee,270-739-7524,987 Transport Terrace,Universty District,WA,98105
Michelina,Fanning,171-207-0745,42 Mccormick Street,Freemont,WA,98103
Inna,Pockey,232-562-3323,182 Rigney Park,Universty District,WA,98105
Abbot,Praten,957-125-4368,0475 Little Fleur Point,Seattle,WA,98002
Hartwell,Meads,699-109-7637,9 New Castle Street,Seattle,WA,98002
Nealon,Perocci,897-929-1103,0 Cordelia Park,Ballard,WA,98107
Addy,Streetley,232-880-9840,906 Porter Circle,Universty District,WA,98105
Benjamen,Ingraham,981-121-2851,0 Moose Way,Seattle,WA,98002
Robbin,Schlag,206-175-7010,363 Shelley Circle,Ballard,WA,98107
Genna,Sibborn,977-548-8799,286 Ramsey Parkway,Freemont,WA,98103
Rollo,Creeber,617-392-8997,1 Declaration Trail,Green Lake,WA,98115
Domingo,Wakerley,421-871-6659,6 Shoshone Junction,Green Lake,WA,98115
Lavinia,Tinner,609-541-7154,11 Anzinger Lane,Freemont,WA,98103
Corena,Grzelczyk,130-484-7769,8101 Spaight Terrace,Green Lake,WA,98115
Bamby,Grishakin,692-453-8990,75 Hanson Hill,Universty District,WA,98105
Maurise,Baguley,987-399-9959,3 Schurz Park,Ballard,WA,98107
Britni,Bell,750-110-4710,08438 Cherokee Avenue,Universty District,WA,98105
Eal,Collabine,273-357-6690,8563 Magdeline Crossing,Seattle,WA,98002
Darrell,Pala,641-408-3986,37 Florence Place,Freemont,WA,98103
Marlane,Rowlands,434-539-1437,7286 7th Trail,Ballard,WA,98107
Adelaide,Cassie,372-865-6248,0 Blaine Center,Seattle,WA,98002
Scarlet,Le Prevost,213-144-6253,905 Continental Terrace,Ballard,WA,98107
Kasper,Grimston,582-106-2718,120 Farwell Park,Universty District,WA,98105
Gareth,Lopes,378-353-5720,0036 Dovetail Junction,Seattle,WA,98002
Hamil,Keme,147-826-6005,65540 Browning Park,Ballard,WA,98107
Crystal,Powys,315-382-3584,8 Rigney Trail,Green Lake,WA,98115
Wendall,Burnhard,292-365-9649,82847 Beilfuss Drive,Seattle,WA,98002
Nicol,Gleaves,785-113-6249,7 Oriole Center,Green Lake,WA,98115
Brewer,Harwood,220-290-4715,7 Anzinger Hill,Green Lake,WA,98115
Ely,Gowrie,729-325-7596,53203 Ridge Oak Way,Seattle,WA,98002
Tobey,Yuille,446-556-4226,8695 Mayfield Lane,Universty District,WA,98105
Reeta,Rozet,222-467-6716,459 Mallory Road,Seattle,WA,98002
Valentia,Wadly,827-657-5996,46 Eastwood Junction,Freemont,WA,98103
